ReviewText,Sentiment,DeclaredCategory
"The product build quality is exceptional, very durable and stable. setup execution",1,Product Quality
Terrible delivery times. Package arrived damaged and completely crushed. device execution,0,Delivery
"The UI is extremely intuitive, responsive, and beautifully designed. execution system",1,User Experience
Utterly frustrating interface. It crashes constantly on launch. device device,0,User Experience
Premium premium materials used. Truly worth every single penny spent. device execution,1,Product Quality
Customer support was useless and rude. Avoid this brand. setup device,0,Customer Service
"Flawless execution, arrived fast and works out of the box perfectly. execution system",1,Delivery
Cheap plastic build. Broke within two hours of normal operation. setup system,0,Product Quality
"The product build quality is exceptional, very durable and stable. setup execution",1,Product Quality
Terrible delivery times. Package arrived damaged and completely crushed. app setup,0,Delivery
"The UI is extremely intuitive, responsive, and beautifully designed. system execution",1,User Experience
Utterly frustrating interface. It crashes constantly on launch. setup app,0,User Experience
Premium premium materials used. Truly worth every single penny spent. app device,1,Product Quality
Customer support was useless and rude. Avoid this brand. device system,0,Customer Service
"Flawless execution, arrived fast and works out of the box perfectly. setup setup",1,Delivery
Cheap plastic build. Broke within two hours of normal operation. device setup,0,Product Quality
"The product build quality is exceptional, very durable and stable. setup app",1,Product Quality
Terrible delivery times. Package arrived damaged and completely crushed. device execution,0,Delivery
"The UI is extremely intuitive, responsive, and beautifully designed. device execution",1,User Experience
Utterly frustrating interface. It crashes constantly on launch. app system,0,User Experience
Premium premium materials used. Truly worth every single penny spent. setup app,1,Product Quality
Customer support was useless and rude. Avoid this brand. setup system,0,Customer Service
"Flawless execution, arrived fast and works out of the box perfectly. system app",1,Delivery
Cheap plastic build. Broke within two hours of normal operation. system execution,0,Product Quality
"The product build quality is exceptional, very durable and stable. system setup",1,Product Quality
Terrible delivery times. Package arrived damaged and completely crushed. setup setup,0,Delivery
"The UI is extremely intuitive, responsive, and beautifully designed. setup execution",1,User Experience
Utterly frustrating interface. It crashes constantly on launch. device app,0,User Experience
Premium premium materials used. Truly worth every single penny spent. setup system,1,Product Quality
Customer support was useless and rude. Avoid this brand. setup system,0,Customer Service
"Flawless execution, arrived fast and works out of the box perfectly. system setup",1,Delivery
Cheap plastic build. Broke within two hours of normal operation. execution system,0,Product Quality
"The product build quality is exceptional, very durable and stable. system setup",1,Product Quality
Terrible delivery times. Package arrived damaged and completely crushed. system system,0,Delivery
"The UI is extremely intuitive, responsive, and beautifully designed. setup setup",1,User Experience
Utterly frustrating interface. It crashes constantly on launch. app execution,0,User Experience
Premium premium materials used. Truly worth every single penny spent. execution system,1,Product Quality
Customer support was useless and rude. Avoid this brand. execution system,0,Customer Service
"Flawless execution, arrived fast and works out of the box perfectly. app setup",1,Delivery
Cheap plastic build. Broke within two hours of normal operation. setup setup,0,Product Quality
"The product build quality is exceptional, very durable and stable. execution app",1,Product Quality
Terrible delivery times. Package arrived damaged and completely crushed. execution execution,0,Delivery
"The UI is extremely intuitive, responsive, and beautifully designed. app app",1,User Experience
Utterly frustrating interface. It crashes constantly on launch. app app,0,User Experience
Premium premium materials used. Truly worth every single penny spent. setup device,1,Product Quality
Customer support was useless and rude. Avoid this brand. device app,0,Customer Service
"Flawless execution, arrived fast and works out of the box perfectly. device device",1,Delivery
Cheap plastic build. Broke within two hours of normal operation. app device,0,Product Quality
"The product build quality is exceptional, very durable and stable. execution system",1,Product Quality
Terrible delivery times. Package arrived damaged and completely crushed. system app,0,Delivery
"The UI is extremely intuitive, responsive, and beautifully designed. setup app",1,User Experience
Utterly frustrating interface. It crashes constantly on launch. setup system,0,User Experience
Premium premium materials used. Truly worth every single penny spent. app execution,1,Product Quality
Customer support was useless and rude. Avoid this brand. device setup,0,Customer Service
"Flawless execution, arrived fast and works out of the box perfectly. device device",1,Delivery
Cheap plastic build. Broke within two hours of normal operation. app device,0,Product Quality
"The product build quality is exceptional, very durable and stable. execution device",1,Product Quality
Terrible delivery times. Package arrived damaged and completely crushed. app execution,0,Delivery
"The UI is extremely intuitive, responsive, and beautifully designed. system device",1,User Experience
Utterly frustrating interface. It crashes constantly on launch. app system,0,User Experience
Premium premium materials used. Truly worth every single penny spent. system setup,1,Product Quality
Customer support was useless and rude. Avoid this brand. execution device,0,Customer Service
"Flawless execution, arrived fast and works out of the box perfectly. app setup",1,Delivery
Cheap plastic build. Broke within two hours of normal operation. execution setup,0,Product Quality
"The product build quality is exceptional, very durable and stable. execution execution",1,Product Quality
Terrible delivery times. Package arrived damaged and completely crushed. device execution,0,Delivery
"The UI is extremely intuitive, responsive, and beautifully designed. setup execution",1,User Experience
Utterly frustrating interface. It crashes constantly on launch. device device,0,User Experience
Premium premium materials used. Truly worth every single penny spent. setup system,1,Product Quality
Customer support was useless and rude. Avoid this brand. system execution,0,Customer Service
"Flawless execution, arrived fast and works out of the box perfectly. app execution",1,Delivery
Cheap plastic build. Broke within two hours of normal operation. setup setup,0,Product Quality
"The product build quality is exceptional, very durable and stable. setup setup",1,Product Quality
Terrible delivery times. Package arrived damaged and completely crushed. setup device,0,Delivery
"The UI is extremely intuitive, responsive, and beautifully designed. system setup",1,User Experience
Utterly frustrating interface. It crashes constantly on launch. app app,0,User Experience
Premium premium materials used. Truly worth every single penny spent. app app,1,Product Quality
Customer support was useless and rude. Avoid this brand. device app,0,Customer Service
"Flawless execution, arrived fast and works out of the box perfectly. setup execution",1,Delivery
Cheap plastic build. Broke within two hours of normal operation. app device,0,Product Quality
"The product build quality is exceptional, very durable and stable. device app",1,Product Quality
Terrible delivery times. Package arrived damaged and completely crushed. execution app,0,Delivery
"The UI is extremely intuitive, responsive, and beautifully designed. device system",1,User Experience
Utterly frustrating interface. It crashes constantly on launch. setup device,0,User Experience
Premium premium materials used. Truly worth every single penny spent. app setup,1,Product Quality
Customer support was useless and rude. Avoid this brand. app app,0,Customer Service
"Flawless execution, arrived fast and works out of the box perfectly. system setup",1,Delivery
Cheap plastic build. Broke within two hours of normal operation. setup system,0,Product Quality
"The product build quality is exceptional, very durable and stable. device app",1,Product Quality
Terrible delivery times. Package arrived damaged and completely crushed. execution app,0,Delivery
"The UI is extremely intuitive, responsive, and beautifully designed. app device",1,User Experience
Utterly frustrating interface. It crashes constantly on launch. app system,0,User Experience
Premium premium materials used. Truly worth every single penny spent. system setup,1,Product Quality
Customer support was useless and rude. Avoid this brand. execution app,0,Customer Service
"Flawless execution, arrived fast and works out of the box perfectly. app device",1,Delivery
Cheap plastic build. Broke within two hours of normal operation. system execution,0,Product Quality
"The product build quality is exceptional, very durable and stable. setup system",1,Product Quality
Terrible delivery times. Package arrived damaged and completely crushed. setup device,0,Delivery
"The UI is extremely intuitive, responsive, and beautifully designed. device app",1,User Experience
Utterly frustrating interface. It crashes constantly on launch. execution setup,0,User Experience
Premium premium materials used. Truly worth every single penny spent. system device,1,Product Quality
Customer support was useless and rude. Avoid this brand. app app,0,Customer Service
"Flawless execution, arrived fast and works out of the box perfectly. setup device",1,Delivery
Cheap plastic build. Broke within two hours of normal operation. execution device,0,Product Quality
"The product build quality is exceptional, very durable and stable. setup setup",1,Product Quality
Terrible delivery times. Package arrived damaged and completely crushed. device setup,0,Delivery
"The UI is extremely intuitive, responsive, and beautifully designed. device system",1,User Experience
Utterly frustrating interface. It crashes constantly on launch. device device,0,User Experience
Premium premium materials used. Truly worth every single penny spent. setup setup,1,Product Quality
Customer support was useless and rude. Avoid this brand. app app,0,Customer Service
"Flawless execution, arrived fast and works out of the box perfectly. system app",1,Delivery
Cheap plastic build. Broke within two hours of normal operation. device setup,0,Product Quality
"The product build quality is exceptional, very durable and stable. app app",1,Product Quality
Terrible delivery times. Package arrived damaged and completely crushed. system system,0,Delivery
"The UI is extremely intuitive, responsive, and beautifully designed. device setup",1,User Experience
Utterly frustrating interface. It crashes constantly on launch. system app,0,User Experience
Premium premium materials used. Truly worth every single penny spent. setup setup,1,Product Quality
Customer support was useless and rude. Avoid this brand. app system,0,Customer Service
"Flawless execution, arrived fast and works out of the box perfectly. app setup",1,Delivery
Cheap plastic build. Broke within two hours of normal operation. execution execution,0,Product Quality
"The product build quality is exceptional, very durable and stable. device app",1,Product Quality
Terrible delivery times. Package arrived damaged and completely crushed. app device,0,Delivery
"The UI is extremely intuitive, responsive, and beautifully designed. device device",1,User Experience
Utterly frustrating interface. It crashes constantly on launch. setup app,0,User Experience
Premium premium materials used. Truly worth every single penny spent. setup device,1,Product Quality
Customer support was useless and rude. Avoid this brand. app setup,0,Customer Service
"Flawless execution, arrived fast and works out of the box perfectly. setup device",1,Delivery
Cheap plastic build. Broke within two hours of normal operation. app device,0,Product Quality
"The product build quality is exceptional, very durable and stable. app execution",1,Product Quality
Terrible delivery times. Package arrived damaged and completely crushed. system system,0,Delivery
"The UI is extremely intuitive, responsive, and beautifully designed. system device",1,User Experience
Utterly frustrating interface. It crashes constantly on launch. execution app,0,User Experience
Premium premium materials used. Truly worth every single penny spent. setup app,1,Product Quality
Customer support was useless and rude. Avoid this brand. setup app,0,Customer Service
"Flawless execution, arrived fast and works out of the box perfectly. execution setup",1,Delivery
Cheap plastic build. Broke within two hours of normal operation. device app,0,Product Quality
"The product build quality is exceptional, very durable and stable. app setup",1,Product Quality
Terrible delivery times. Package arrived damaged and completely crushed. device device,0,Delivery
"The UI is extremely intuitive, responsive, and beautifully designed. execution device",1,User Experience
Utterly frustrating interface. It crashes constantly on launch. device device,0,User Experience
Premium premium materials used. Truly worth every single penny spent. system execution,1,Product Quality
Customer support was useless and rude. Avoid this brand. app setup,0,Customer Service
"Flawless execution, arrived fast and works out of the box perfectly. app execution",1,Delivery
Cheap plastic build. Broke within two hours of normal operation. setup execution,0,Product Quality
"The product build quality is exceptional, very durable and stable. device setup",1,Product Quality
Terrible delivery times. Package arrived damaged and completely crushed. device app,0,Delivery
"The UI is extremely intuitive, responsive, and beautifully designed. app setup",1,User Experience
Utterly frustrating interface. It crashes constantly on launch. setup execution,0,User Experience
Premium premium materials used. Truly worth every single penny spent. execution device,1,Product Quality
Customer support was useless and rude. Avoid this brand. setup app,0,Customer Service
"Flawless execution, arrived fast and works out of the box perfectly. execution execution",1,Delivery
Cheap plastic build. Broke within two hours of normal operation. app execution,0,Product Quality
"The product build quality is exceptional, very durable and stable. device setup",1,Product Quality
Terrible delivery times. Package arrived damaged and completely crushed. app setup,0,Delivery
"The UI is extremely intuitive, responsive, and beautifully designed. execution execution",1,User Experience
Utterly frustrating interface. It crashes constantly on launch. app device,0,User Experience
Premium premium materials used. Truly worth every single penny spent. system app,1,Product Quality
Customer support was useless and rude. Avoid this brand. system system,0,Customer Service
"Flawless execution, arrived fast and works out of the box perfectly. device system",1,Delivery
Cheap plastic build. Broke within two hours of normal operation. system device,0,Product Quality
"The product build quality is exceptional, very durable and stable. system system",1,Product Quality
Terrible delivery times. Package arrived damaged and completely crushed. system app,0,Delivery
"The UI is extremely intuitive, responsive, and beautifully designed. app app",1,User Experience
Utterly frustrating interface. It crashes constantly on launch. device execution,0,User Experience
Premium premium materials used. Truly worth every single penny spent. system system,1,Product Quality
Customer support was useless and rude. Avoid this brand. device system,0,Customer Service
"Flawless execution, arrived fast and works out of the box perfectly. app execution",1,Delivery
Cheap plastic build. Broke within two hours of normal operation. setup system,0,Product Quality
"The product build quality is exceptional, very durable and stable. app setup",1,Product Quality
Terrible delivery times. Package arrived damaged and completely crushed. execution setup,0,Delivery
"The UI is extremely intuitive, responsive, and beautifully designed. app setup",1,User Experience
Utterly frustrating interface. It crashes constantly on launch. device setup,0,User Experience
Premium premium materials used. Truly worth every single penny spent. system system,1,Product Quality
Customer support was useless and rude. Avoid this brand. device app,0,Customer Service
"Flawless execution, arrived fast and works out of the box perfectly. system execution",1,Delivery
Cheap plastic build. Broke within two hours of normal operation. system system,0,Product Quality
"The product build quality is exceptional, very durable and stable. app setup",1,Product Quality
Terrible delivery times. Package arrived damaged and completely crushed. system device,0,Delivery
"The UI is extremely intuitive, responsive, and beautifully designed. setup execution",1,User Experience
Utterly frustrating interface. It crashes constantly on launch. app execution,0,User Experience
Premium premium materials used. Truly worth every single penny spent. setup setup,1,Product Quality
Customer support was useless and rude. Avoid this brand. setup execution,0,Customer Service
"Flawless execution, arrived fast and works out of the box perfectly. setup execution",1,Delivery
Cheap plastic build. Broke within two hours of normal operation. setup device,0,Product Quality
"The product build quality is exceptional, very durable and stable. setup execution",1,Product Quality
Terrible delivery times. Package arrived damaged and completely crushed. system setup,0,Delivery
"The UI is extremely intuitive, responsive, and beautifully designed. system device",1,User Experience
Utterly frustrating interface. It crashes constantly on launch. app device,0,User Experience
Premium premium materials used. Truly worth every single penny spent. setup system,1,Product Quality
Customer support was useless and rude. Avoid this brand. system execution,0,Customer Service
"Flawless execution, arrived fast and works out of the box perfectly. system execution",1,Delivery
Cheap plastic build. Broke within two hours of normal operation. app setup,0,Product Quality
"The product build quality is exceptional, very durable and stable. execution app",1,Product Quality
Terrible delivery times. Package arrived damaged and completely crushed. system system,0,Delivery
"The UI is extremely intuitive, responsive, and beautifully designed. app system",1,User Experience
Utterly frustrating interface. It crashes constantly on launch. app execution,0,User Experience
Premium premium materials used. Truly worth every single penny spent. execution app,1,Product Quality
Customer support was useless and rude. Avoid this brand. execution execution,0,Customer Service
"Flawless execution, arrived fast and works out of the box perfectly. execution device",1,Delivery
Cheap plastic build. Broke within two hours of normal operation. setup system,0,Product Quality
"The product build quality is exceptional, very durable and stable. device execution",1,Product Quality
Terrible delivery times. Package arrived damaged and completely crushed. app execution,0,Delivery
"The UI is extremely intuitive, responsive, and beautifully designed. setup execution",1,User Experience
Utterly frustrating interface. It crashes constantly on launch. app setup,0,User Experience
Premium premium materials used. Truly worth every single penny spent. execution setup,1,Product Quality
Customer support was useless and rude. Avoid this brand. system system,0,Customer Service
"Flawless execution, arrived fast and works out of the box perfectly. execution setup",1,Delivery
Cheap plastic build. Broke within two hours of normal operation. app execution,0,Product Quality
"The product build quality is exceptional, very durable and stable. system system",1,Product Quality
Terrible delivery times. Package arrived damaged and completely crushed. execution setup,0,Delivery
"The UI is extremely intuitive, responsive, and beautifully designed. system setup",1,User Experience
Utterly frustrating interface. It crashes constantly on launch. system system,0,User Experience
Premium premium materials used. Truly worth every single penny spent. device system,1,Product Quality
Customer support was useless and rude. Avoid this brand. app execution,0,Customer Service
"Flawless execution, arrived fast and works out of the box perfectly. execution setup",1,Delivery
Cheap plastic build. Broke within two hours of normal operation. system app,0,Product Quality
"The product build quality is exceptional, very durable and stable. setup device",1,Product Quality
Terrible delivery times. Package arrived damaged and completely crushed. setup setup,0,Delivery
"The UI is extremely intuitive, responsive, and beautifully designed. system device",1,User Experience
Utterly frustrating interface. It crashes constantly on launch. setup app,0,User Experience
Premium premium materials used. Truly worth every single penny spent. app execution,1,Product Quality
Customer support was useless and rude. Avoid this brand. device device,0,Customer Service
"Flawless execution, arrived fast and works out of the box perfectly. execution setup",1,Delivery
Cheap plastic build. Broke within two hours of normal operation. device app,0,Product Quality
"The product build quality is exceptional, very durable and stable. app system",1,Product Quality
Terrible delivery times. Package arrived damaged and completely crushed. device setup,0,Delivery
"The UI is extremely intuitive, responsive, and beautifully designed. execution execution",1,User Experience
Utterly frustrating interface. It crashes constantly on launch. setup system,0,User Experience
Premium premium materials used. Truly worth every single penny spent. execution device,1,Product Quality
Customer support was useless and rude. Avoid this brand. system device,0,Customer Service
"Flawless execution, arrived fast and works out of the box perfectly. app system",1,Delivery
Cheap plastic build. Broke within two hours of normal operation. execution system,0,Product Quality
"The product build quality is exceptional, very durable and stable. system system",1,Product Quality
Terrible delivery times. Package arrived damaged and completely crushed. system device,0,Delivery
"The UI is extremely intuitive, responsive, and beautifully designed. app setup",1,User Experience
Utterly frustrating interface. It crashes constantly on launch. system execution,0,User Experience
Premium premium materials used. Truly worth every single penny spent. system execution,1,Product Quality
Customer support was useless and rude. Avoid this brand. device execution,0,Customer Service
"Flawless execution, arrived fast and works out of the box perfectly. setup app",1,Delivery
Cheap plastic build. Broke within two hours of normal operation. execution execution,0,Product Quality
"The product build quality is exceptional, very durable and stable. app setup",1,Product Quality
Terrible delivery times. Package arrived damaged and completely crushed. system execution,0,Delivery
"The UI is extremely intuitive, responsive, and beautifully designed. app device",1,User Experience
Utterly frustrating interface. It crashes constantly on launch. app device,0,User Experience
Premium premium materials used. Truly worth every single penny spent. setup system,1,Product Quality
Customer support was useless and rude. Avoid this brand. app execution,0,Customer Service
"Flawless execution, arrived fast and works out of the box perfectly. setup app",1,Delivery
Cheap plastic build. Broke within two hours of normal operation. execution app,0,Product Quality
"The product build quality is exceptional, very durable and stable. device app",1,Product Quality
Terrible delivery times. Package arrived damaged and completely crushed. app app,0,Delivery
"The UI is extremely intuitive, responsive, and beautifully designed. setup app",1,User Experience
Utterly frustrating interface. It crashes constantly on launch. execution device,0,User Experience
Premium premium materials used. Truly worth every single penny spent. device app,1,Product Quality
Customer support was useless and rude. Avoid this brand. setup setup,0,Customer Service
"Flawless execution, arrived fast and works out of the box perfectly. execution app",1,Delivery
Cheap plastic build. Broke within two hours of normal operation. device setup,0,Product Quality
"The product build quality is exceptional, very durable and stable. app setup",1,Product Quality
Terrible delivery times. Package arrived damaged and completely crushed. setup device,0,Delivery
"The UI is extremely intuitive, responsive, and beautifully designed. system execution",1,User Experience
Utterly frustrating interface. It crashes constantly on launch. execution device,0,User Experience
Premium premium materials used. Truly worth every single penny spent. setup app,1,Product Quality
Customer support was useless and rude. Avoid this brand. setup device,0,Customer Service
"Flawless execution, arrived fast and works out of the box perfectly. execution setup",1,Delivery
Cheap plastic build. Broke within two hours of normal operation. execution app,0,Product Quality
"The product build quality is exceptional, very durable and stable. execution execution",1,Product Quality
Terrible delivery times. Package arrived damaged and completely crushed. system system,0,Delivery
"The UI is extremely intuitive, responsive, and beautifully designed. system execution",1,User Experience
Utterly frustrating interface. It crashes constantly on launch. device execution,0,User Experience
Premium premium materials used. Truly worth every single penny spent. device device,1,Product Quality
Customer support was useless and rude. Avoid this brand. system setup,0,Customer Service
"Flawless execution, arrived fast and works out of the box perfectly. app system",1,Delivery
Cheap plastic build. Broke within two hours of normal operation. system setup,0,Product Quality
"The product build quality is exceptional, very durable and stable. app execution",1,Product Quality
Terrible delivery times. Package arrived damaged and completely crushed. execution system,0,Delivery
"The UI is extremely intuitive, responsive, and beautifully designed. app system",1,User Experience
Utterly frustrating interface. It crashes constantly on launch. device system,0,User Experience
Premium premium materials used. Truly worth every single penny spent. system execution,1,Product Quality
Customer support was useless and rude. Avoid this brand. execution execution,0,Customer Service
"Flawless execution, arrived fast and works out of the box perfectly. device execution",1,Delivery
Cheap plastic build. Broke within two hours of normal operation. app setup,0,Product Quality
"The product build quality is exceptional, very durable and stable. app app",1,Product Quality
Terrible delivery times. Package arrived damaged and completely crushed. execution setup,0,Delivery
"The UI is extremely intuitive, responsive, and beautifully designed. setup setup",1,User Experience
Utterly frustrating interface. It crashes constantly on launch. device execution,0,User Experience
Premium premium materials used. Truly worth every single penny spent. setup device,1,Product Quality
Customer support was useless and rude. Avoid this brand. system system,0,Customer Service
"Flawless execution, arrived fast and works out of the box perfectly. device device",1,Delivery
Cheap plastic build. Broke within two hours of normal operation. execution execution,0,Product Quality
"The product build quality is exceptional, very durable and stable. system setup",1,Product Quality
Terrible delivery times. Package arrived damaged and completely crushed. system setup,0,Delivery
"The UI is extremely intuitive, responsive, and beautifully designed. setup execution",1,User Experience
Utterly frustrating interface. It crashes constantly on launch. app app,0,User Experience
Premium premium materials used. Truly worth every single penny spent. device execution,1,Product Quality
Customer support was useless and rude. Avoid this brand. setup app,0,Customer Service
"Flawless execution, arrived fast and works out of the box perfectly. setup app",1,Delivery
Cheap plastic build. Broke within two hours of normal operation. app app,0,Product Quality
"The product build quality is exceptional, very durable and stable. execution system",1,Product Quality
Terrible delivery times. Package arrived damaged and completely crushed. setup execution,0,Delivery
"The UI is extremely intuitive, responsive, and beautifully designed. execution execution",1,User Experience
Utterly frustrating interface. It crashes constantly on launch. execution execution,0,User Experience
Premium premium materials used. Truly worth every single penny spent. device setup,1,Product Quality
Customer support was useless and rude. Avoid this brand. execution setup,0,Customer Service
"Flawless execution, arrived fast and works out of the box perfectly. device device",1,Delivery
Cheap plastic build. Broke within two hours of normal operation. setup app,0,Product Quality
"The product build quality is exceptional, very durable and stable. system app",1,Product Quality
Terrible delivery times. Package arrived damaged and completely crushed. app app,0,Delivery
"The UI is extremely intuitive, responsive, and beautifully designed. execution device",1,User Experience
Utterly frustrating interface. It crashes constantly on launch. app device,0,User Experience
Premium premium materials used. Truly worth every single penny spent. setup system,1,Product Quality
Customer support was useless and rude. Avoid this brand. setup setup,0,Customer Service
"Flawless execution, arrived fast and works out of the box perfectly. execution system",1,Delivery
Cheap plastic build. Broke within two hours of normal operation. setup setup,0,Product Quality
"The product build quality is exceptional, very durable and stable. system system",1,Product Quality
Terrible delivery times. Package arrived damaged and completely crushed. setup system,0,Delivery
"The UI is extremely intuitive, responsive, and beautifully designed. setup setup",1,User Experience
Utterly frustrating interface. It crashes constantly on launch. execution app,0,User Experience
Premium premium materials used. Truly worth every single penny spent. setup device,1,Product Quality
Customer support was useless and rude. Avoid this brand. app app,0,Customer Service
"Flawless execution, arrived fast and works out of the box perfectly. app execution",1,Delivery
Cheap plastic build. Broke within two hours of normal operation. setup execution,0,Product Quality
"The product build quality is exceptional, very durable and stable. setup execution",1,Product Quality
Terrible delivery times. Package arrived damaged and completely crushed. execution device,0,Delivery
"The UI is extremely intuitive, responsive, and beautifully designed. execution system",1,User Experience
Utterly frustrating interface. It crashes constantly on launch. device execution,0,User Experience
Premium premium materials used. Truly worth every single penny spent. app system,1,Product Quality
Customer support was useless and rude. Avoid this brand. system system,0,Customer Service
"Flawless execution, arrived fast and works out of the box perfectly. device execution",1,Delivery
Cheap plastic build. Broke within two hours of normal operation. execution app,0,Product Quality
"The product build quality is exceptional, very durable and stable. app system",1,Product Quality
Terrible delivery times. Package arrived damaged and completely crushed. app device,0,Delivery
"The UI is extremely intuitive, responsive, and beautifully designed. execution system",1,User Experience
Utterly frustrating interface. It crashes constantly on launch. app device,0,User Experience
Premium premium materials used. Truly worth every single penny spent. device app,1,Product Quality
Customer support was useless and rude. Avoid this brand. execution app,0,Customer Service
"Flawless execution, arrived fast and works out of the box perfectly. system app",1,Delivery
Cheap plastic build. Broke within two hours of normal operation. device app,0,Product Quality
"The product build quality is exceptional, very durable and stable. execution setup",1,Product Quality
Terrible delivery times. Package arrived damaged and completely crushed. app execution,0,Delivery
"The UI is extremely intuitive, responsive, and beautifully designed. execution device",1,User Experience
Utterly frustrating interface. It crashes constantly on launch. execution execution,0,User Experience
Premium premium materials used. Truly worth every single penny spent. execution execution,1,Product Quality
Customer support was useless and rude. Avoid this brand. system system,0,Customer Service
"Flawless execution, arrived fast and works out of the box perfectly. device app",1,Delivery
Cheap plastic build. Broke within two hours of normal operation. execution app,0,Product Quality
"The product build quality is exceptional, very durable and stable. app device",1,Product Quality
Terrible delivery times. Package arrived damaged and completely crushed. execution execution,0,Delivery
"The UI is extremely intuitive, responsive, and beautifully designed. setup app",1,User Experience
Utterly frustrating interface. It crashes constantly on launch. app system,0,User Experience
Premium premium materials used. Truly worth every single penny spent. setup system,1,Product Quality
Customer support was useless and rude. Avoid this brand. system system,0,Customer Service
"Flawless execution, arrived fast and works out of the box perfectly. device device",1,Delivery
Cheap plastic build. Broke within two hours of normal operation. system setup,0,Product Quality
"The product build quality is exceptional, very durable and stable. app setup",1,Product Quality
Terrible delivery times. Package arrived damaged and completely crushed. execution device,0,Delivery
"The UI is extremely intuitive, responsive, and beautifully designed. app app",1,User Experience
Utterly frustrating interface. It crashes constantly on launch. execution execution,0,User Experience
Premium premium materials used. Truly worth every single penny spent. system device,1,Product Quality
Customer support was useless and rude. Avoid this brand. device setup,0,Customer Service
"Flawless execution, arrived fast and works out of the box perfectly. system system",1,Delivery
Cheap plastic build. Broke within two hours of normal operation. system system,0,Product Quality
"The product build quality is exceptional, very durable and stable. device device",1,Product Quality
Terrible delivery times. Package arrived damaged and completely crushed. system setup,0,Delivery
"The UI is extremely intuitive, responsive, and beautifully designed. app app",1,User Experience
Utterly frustrating interface. It crashes constantly on launch. setup system,0,User Experience
Premium premium materials used. Truly worth every single penny spent. device app,1,Product Quality
Customer support was useless and rude. Avoid this brand. execution execution,0,Customer Service
"Flawless execution, arrived fast and works out of the box perfectly. setup system",1,Delivery
Cheap plastic build. Broke within two hours of normal operation. app system,0,Product Quality
"The product build quality is exceptional, very durable and stable. app setup",1,Product Quality
Terrible delivery times. Package arrived damaged and completely crushed. setup execution,0,Delivery
"The UI is extremely intuitive, responsive, and beautifully designed. system execution",1,User Experience
Utterly frustrating interface. It crashes constantly on launch. system execution,0,User Experience
Premium premium materials used. Truly worth every single penny spent. device device,1,Product Quality
Customer support was useless and rude. Avoid this brand. device device,0,Customer Service
"Flawless execution, arrived fast and works out of the box perfectly. app device",1,Delivery
Cheap plastic build. Broke within two hours of normal operation. setup setup,0,Product Quality
"The product build quality is exceptional, very durable and stable. app device",1,Product Quality
Terrible delivery times. Package arrived damaged and completely crushed. device device,0,Delivery
"The UI is extremely intuitive, responsive, and beautifully designed. execution system",1,User Experience
Utterly frustrating interface. It crashes constantly on launch. execution system,0,User Experience
Premium premium materials used. Truly worth every single penny spent. device device,1,Product Quality
Customer support was useless and rude. Avoid this brand. execution execution,0,Customer Service
"Flawless execution, arrived fast and works out of the box perfectly. system setup",1,Delivery
Cheap plastic build. Broke within two hours of normal operation. system execution,0,Product Quality
"The product build quality is exceptional, very durable and stable. execution app",1,Product Quality
Terrible delivery times. Package arrived damaged and completely crushed. execution app,0,Delivery
"The UI is extremely intuitive, responsive, and beautifully designed. setup system",1,User Experience
Utterly frustrating interface. It crashes constantly on launch. system app,0,User Experience
Premium premium materials used. Truly worth every single penny spent. system execution,1,Product Quality
Customer support was useless and rude. Avoid this brand. device app,0,Customer Service
"Flawless execution, arrived fast and works out of the box perfectly. system app",1,Delivery
Cheap plastic build. Broke within two hours of normal operation. app device,0,Product Quality
"The product build quality is exceptional, very durable and stable. execution app",1,Product Quality
Terrible delivery times. Package arrived damaged and completely crushed. system setup,0,Delivery
"The UI is extremely intuitive, responsive, and beautifully designed. app app",1,User Experience
Utterly frustrating interface. It crashes constantly on launch. device execution,0,User Experience
Premium premium materials used. Truly worth every single penny spent. setup system,1,Product Quality
Customer support was useless and rude. Avoid this brand. setup system,0,Customer Service
"Flawless execution, arrived fast and works out of the box perfectly. execution system",1,Delivery
Cheap plastic build. Broke within two hours of normal operation. device device,0,Product Quality
"The product build quality is exceptional, very durable and stable. device device",1,Product Quality
Terrible delivery times. Package arrived damaged and completely crushed. setup execution,0,Delivery
"The UI is extremely intuitive, responsive, and beautifully designed. system system",1,User Experience
Utterly frustrating interface. It crashes constantly on launch. device device,0,User Experience
Premium premium materials used. Truly worth every single penny spent. app execution,1,Product Quality
Customer support was useless and rude. Avoid this brand. setup system,0,Customer Service
"Flawless execution, arrived fast and works out of the box perfectly. app app",1,Delivery
Cheap plastic build. Broke within two hours of normal operation. system setup,0,Product Quality
"The product build quality is exceptional, very durable and stable. app app",1,Product Quality
Terrible delivery times. Package arrived damaged and completely crushed. execution setup,0,Delivery
"The UI is extremely intuitive, responsive, and beautifully designed. app setup",1,User Experience
Utterly frustrating interface. It crashes constantly on launch. system device,0,User Experience
Premium premium materials used. Truly worth every single penny spent. app execution,1,Product Quality
Customer support was useless and rude. Avoid this brand. system setup,0,Customer Service
"Flawless execution, arrived fast and works out of the box perfectly. system app",1,Delivery
Cheap plastic build. Broke within two hours of normal operation. setup device,0,Product Quality
"The product build quality is exceptional, very durable and stable. system app",1,Product Quality
Terrible delivery times. Package arrived damaged and completely crushed. execution setup,0,Delivery
"The UI is extremely intuitive, responsive, and beautifully designed. system system",1,User Experience
Utterly frustrating interface. It crashes constantly on launch. device device,0,User Experience
Premium premium materials used. Truly worth every single penny spent. execution execution,1,Product Quality
Customer support was useless and rude. Avoid this brand. app app,0,Customer Service
"Flawless execution, arrived fast and works out of the box perfectly. execution execution",1,Delivery
Cheap plastic build. Broke within two hours of normal operation. setup device,0,Product Quality
"The product build quality is exceptional, very durable and stable. app device",1,Product Quality
Terrible delivery times. Package arrived damaged and completely crushed. device execution,0,Delivery
"The UI is extremely intuitive, responsive, and beautifully designed. setup system",1,User Experience
Utterly frustrating interface. It crashes constantly on launch. setup setup,0,User Experience
Premium premium materials used. Truly worth every single penny spent. device setup,1,Product Quality
Customer support was useless and rude. Avoid this brand. app device,0,Customer Service
"Flawless execution, arrived fast and works out of the box perfectly. app system",1,Delivery
Cheap plastic build. Broke within two hours of normal operation. device system,0,Product Quality
"The product build quality is exceptional, very durable and stable. device execution",1,Product Quality
Terrible delivery times. Package arrived damaged and completely crushed. setup execution,0,Delivery
"The UI is extremely intuitive, responsive, and beautifully designed. system setup",1,User Experience
Utterly frustrating interface. It crashes constantly on launch. device setup,0,User Experience
Premium premium materials used. Truly worth every single penny spent. app setup,1,Product Quality
Customer support was useless and rude. Avoid this brand. app setup,0,Customer Service
"Flawless execution, arrived fast and works out of the box perfectly. app system",1,Delivery
Cheap plastic build. Broke within two hours of normal operation. execution device,0,Product Quality
"The product build quality is exceptional, very durable and stable. setup execution",1,Product Quality
Terrible delivery times. Package arrived damaged and completely crushed. device device,0,Delivery
"The UI is extremely intuitive, responsive, and beautifully designed. app system",1,User Experience
Utterly frustrating interface. It crashes constantly on launch. system execution,0,User Experience
Premium premium materials used. Truly worth every single penny spent. system setup,1,Product Quality
Customer support was useless and rude. Avoid this brand. system execution,0,Customer Service
"Flawless execution, arrived fast and works out of the box perfectly. system setup",1,Delivery
Cheap plastic build. Broke within two hours of normal operation. app execution,0,Product Quality
"The product build quality is exceptional, very durable and stable. app app",1,Product Quality
Terrible delivery times. Package arrived damaged and completely crushed. app device,0,Delivery
"The UI is extremely intuitive, responsive, and beautifully designed. device app",1,User Experience
Utterly frustrating interface. It crashes constantly on launch. execution setup,0,User Experience
Premium premium materials used. Truly worth every single penny spent. setup system,1,Product Quality
Customer support was useless and rude. Avoid this brand. execution device,0,Customer Service
"Flawless execution, arrived fast and works out of the box perfectly. app system",1,Delivery
Cheap plastic build. Broke within two hours of normal operation. setup device,0,Product Quality
"The product build quality is exceptional, very durable and stable. device app",1,Product Quality
Terrible delivery times. Package arrived damaged and completely crushed. setup execution,0,Delivery
"The UI is extremely intuitive, responsive, and beautifully designed. device app",1,User Experience
Utterly frustrating interface. It crashes constantly on launch. execution setup,0,User Experience
Premium premium materials used. Truly worth every single penny spent. device execution,1,Product Quality
Customer support was useless and rude. Avoid this brand. execution execution,0,Customer Service
"Flawless execution, arrived fast and works out of the box perfectly. device device",1,Delivery
Cheap plastic build. Broke within two hours of normal operation. system setup,0,Product Quality
"The product build quality is exceptional, very durable and stable. app execution",1,Product Quality
Terrible delivery times. Package arrived damaged and completely crushed. system app,0,Delivery
"The UI is extremely intuitive, responsive, and beautifully designed. system device",1,User Experience
Utterly frustrating interface. It crashes constantly on launch. execution app,0,User Experience
Premium premium materials used. Truly worth every single penny spent. app app,1,Product Quality
Customer support was useless and rude. Avoid this brand. app app,0,Customer Service
"Flawless execution, arrived fast and works out of the box perfectly. system execution",1,Delivery
Cheap plastic build. Broke within two hours of normal operation. device device,0,Product Quality
"The product build quality is exceptional, very durable and stable. device device",1,Product Quality
Terrible delivery times. Package arrived damaged and completely crushed. system setup,0,Delivery
"The UI is extremely intuitive, responsive, and beautifully designed. execution app",1,User Experience
Utterly frustrating interface. It crashes constantly on launch. setup device,0,User Experience
Premium premium materials used. Truly worth every single penny spent. setup execution,1,Product Quality
Customer support was useless and rude. Avoid this brand. app app,0,Customer Service
"Flawless execution, arrived fast and works out of the box perfectly. execution execution",1,Delivery
Cheap plastic build. Broke within two hours of normal operation. device app,0,Product Quality
"The product build quality is exceptional, very durable and stable. setup system",1,Product Quality
Terrible delivery times. Package arrived damaged and completely crushed. system execution,0,Delivery
"The UI is extremely intuitive, responsive, and beautifully designed. device system",1,User Experience
Utterly frustrating interface. It crashes constantly on launch. app execution,0,User Experience
Premium premium materials used. Truly worth every single penny spent. setup execution,1,Product Quality
Customer support was useless and rude. Avoid this brand. setup execution,0,Customer Service
"Flawless execution, arrived fast and works out of the box perfectly. execution execution",1,Delivery
Cheap plastic build. Broke within two hours of normal operation. setup setup,0,Product Quality
"The product build quality is exceptional, very durable and stable. execution system",1,Product Quality
Terrible delivery times. Package arrived damaged and completely crushed. device device,0,Delivery
"The UI is extremely intuitive, responsive, and beautifully designed. device setup",1,User Experience
Utterly frustrating interface. It crashes constantly on launch. setup system,0,User Experience
Premium premium materials used. Truly worth every single penny spent. device device,1,Product Quality
Customer support was useless and rude. Avoid this brand. execution setup,0,Customer Service
"Flawless execution, arrived fast and works out of the box perfectly. device system",1,Delivery
Cheap plastic build. Broke within two hours of normal operation. system device,0,Product Quality
"The product build quality is exceptional, very durable and stable. setup system",1,Product Quality
Terrible delivery times. Package arrived damaged and completely crushed. execution system,0,Delivery
"The UI is extremely intuitive, responsive, and beautifully designed. app app",1,User Experience
Utterly frustrating interface. It crashes constantly on launch. setup device,0,User Experience
Premium premium materials used. Truly worth every single penny spent. setup setup,1,Product Quality
Customer support was useless and rude. Avoid this brand. setup setup,0,Customer Service
"Flawless execution, arrived fast and works out of the box perfectly. execution execution",1,Delivery
Cheap plastic build. Broke within two hours of normal operation. system app,0,Product Quality
"The product build quality is exceptional, very durable and stable. setup system",1,Product Quality
Terrible delivery times. Package arrived damaged and completely crushed. app device,0,Delivery
"The UI is extremely intuitive, responsive, and beautifully designed. execution app",1,User Experience
Utterly frustrating interface. It crashes constantly on launch. device app,0,User Experience
Premium premium materials used. Truly worth every single penny spent. execution execution,1,Product Quality
Customer support was useless and rude. Avoid this brand. system setup,0,Customer Service
"Flawless execution, arrived fast and works out of the box perfectly. app app",1,Delivery
Cheap plastic build. Broke within two hours of normal operation. device execution,0,Product Quality
"The product build quality is exceptional, very durable and stable. app execution",1,Product Quality
Terrible delivery times. Package arrived damaged and completely crushed. app system,0,Delivery
"The UI is extremely intuitive, responsive, and beautifully designed. setup app",1,User Experience
Utterly frustrating interface. It crashes constantly on launch. execution system,0,User Experience
Premium premium materials used. Truly worth every single penny spent. app device,1,Product Quality
Customer support was useless and rude. Avoid this brand. setup app,0,Customer Service
"Flawless execution, arrived fast and works out of the box perfectly. system device",1,Delivery
Cheap plastic build. Broke within two hours of normal operation. system system,0,Product Quality
"The product build quality is exceptional, very durable and stable. device system",1,Product Quality
Terrible delivery times. Package arrived damaged and completely crushed. device app,0,Delivery
"The UI is extremely intuitive, responsive, and beautifully designed. device device",1,User Experience
Utterly frustrating interface. It crashes constantly on launch. setup device,0,User Experience
Premium premium materials used. Truly worth every single penny spent. device app,1,Product Quality
Customer support was useless and rude. Avoid this brand. setup execution,0,Customer Service
"Flawless execution, arrived fast and works out of the box perfectly. app app",1,Delivery
Cheap plastic build. Broke within two hours of normal operation. execution device,0,Product Quality
"The product build quality is exceptional, very durable and stable. system setup",1,Product Quality
Terrible delivery times. Package arrived damaged and completely crushed. system execution,0,Delivery
"The UI is extremely intuitive, responsive, and beautifully designed. app app",1,User Experience
Utterly frustrating interface. It crashes constantly on launch. setup app,0,User Experience
Premium premium materials used. Truly worth every single penny spent. app setup,1,Product Quality
Customer support was useless and rude. Avoid this brand. setup execution,0,Customer Service
"Flawless execution, arrived fast and works out of the box perfectly. app app",1,Delivery
Cheap plastic build. Broke within two hours of normal operation. execution device,0,Product Quality
"The product build quality is exceptional, very durable and stable. device device",1,Product Quality
Terrible delivery times. Package arrived damaged and completely crushed. execution app,0,Delivery
"The UI is extremely intuitive, responsive, and beautifully designed. execution execution",1,User Experience
Utterly frustrating interface. It crashes constantly on launch. device system,0,User Experience
Premium premium materials used. Truly worth every single penny spent. app device,1,Product Quality
Customer support was useless and rude. Avoid this brand. system system,0,Customer Service
"Flawless execution, arrived fast and works out of the box perfectly. setup app",1,Delivery
Cheap plastic build. Broke within two hours of normal operation. system device,0,Product Quality
"The product build quality is exceptional, very durable and stable. setup app",1,Product Quality
Terrible delivery times. Package arrived damaged and completely crushed. execution device,0,Delivery
"The UI is extremely intuitive, responsive, and beautifully designed. system system",1,User Experience
Utterly frustrating interface. It crashes constantly on launch. device system,0,User Experience
Premium premium materials used. Truly worth every single penny spent. setup app,1,Product Quality
Customer support was useless and rude. Avoid this brand. setup system,0,Customer Service
"Flawless execution, arrived fast and works out of the box perfectly. execution app",1,Delivery
Cheap plastic build. Broke within two hours of normal operation. app device,0,Product Quality
"The product build quality is exceptional, very durable and stable. device execution",1,Product Quality
Terrible delivery times. Package arrived damaged and completely crushed. app execution,0,Delivery
"The UI is extremely intuitive, responsive, and beautifully designed. device device",1,User Experience
Utterly frustrating interface. It crashes constantly on launch. app setup,0,User Experience
Premium premium materials used. Truly worth every single penny spent. system device,1,Product Quality
Customer support was useless and rude. Avoid this brand. device setup,0,Customer Service
"Flawless execution, arrived fast and works out of the box perfectly. setup execution",1,Delivery
Cheap plastic build. Broke within two hours of normal operation. execution system,0,Product Quality
"The product build quality is exceptional, very durable and stable. system app",1,Product Quality
Terrible delivery times. Package arrived damaged and completely crushed. execution device,0,Delivery
"The UI is extremely intuitive, responsive, and beautifully designed. execution device",1,User Experience
Utterly frustrating interface. It crashes constantly on launch. setup execution,0,User Experience
Premium premium materials used. Truly worth every single penny spent. setup system,1,Product Quality
Customer support was useless and rude. Avoid this brand. system app,0,Customer Service
"Flawless execution, arrived fast and works out of the box perfectly. execution setup",1,Delivery
Cheap plastic build. Broke within two hours of normal operation. device system,0,Product Quality
"The product build quality is exceptional, very durable and stable. system device",1,Product Quality
Terrible delivery times. Package arrived damaged and completely crushed. setup setup,0,Delivery
"The UI is extremely intuitive, responsive, and beautifully designed. execution execution",1,User Experience
Utterly frustrating interface. It crashes constantly on launch. app system,0,User Experience
Premium premium materials used. Truly worth every single penny spent. execution setup,1,Product Quality
Customer support was useless and rude. Avoid this brand. device setup,0,Customer Service
"Flawless execution, arrived fast and works out of the box perfectly. system setup",1,Delivery
Cheap plastic build. Broke within two hours of normal operation. app system,0,Product Quality
"The product build quality is exceptional, very durable and stable. device app",1,Product Quality
Terrible delivery times. Package arrived damaged and completely crushed. system device,0,Delivery
"The UI is extremely intuitive, responsive, and beautifully designed. app app",1,User Experience
Utterly frustrating interface. It crashes constantly on launch. system execution,0,User Experience
Premium premium materials used. Truly worth every single penny spent. app app,1,Product Quality
Customer support was useless and rude. Avoid this brand. device setup,0,Customer Service
"Flawless execution, arrived fast and works out of the box perfectly. system system",1,Delivery
Cheap plastic build. Broke within two hours of normal operation. execution execution,0,Product Quality
"The product build quality is exceptional, very durable and stable. system execution",1,Product Quality
Terrible delivery times. Package arrived damaged and completely crushed. device system,0,Delivery
"The UI is extremely intuitive, responsive, and beautifully designed. execution system",1,User Experience
Utterly frustrating interface. It crashes constantly on launch. setup app,0,User Experience
Premium premium materials used. Truly worth every single penny spent. system app,1,Product Quality
Customer support was useless and rude. Avoid this brand. execution app,0,Customer Service
"Flawless execution, arrived fast and works out of the box perfectly. system setup",1,Delivery
Cheap plastic build. Broke within two hours of normal operation. execution system,0,Product Quality
"The product build quality is exceptional, very durable and stable. execution device",1,Product Quality
Terrible delivery times. Package arrived damaged and completely crushed. app device,0,Delivery
"The UI is extremely intuitive, responsive, and beautifully designed. system setup",1,User Experience
Utterly frustrating interface. It crashes constantly on launch. execution app,0,User Experience
Premium premium materials used. Truly worth every single penny spent. execution system,1,Product Quality
Customer support was useless and rude. Avoid this brand. execution app,0,Customer Service
"Flawless execution, arrived fast and works out of the box perfectly. system execution",1,Delivery
Cheap plastic build. Broke within two hours of normal operation. setup system,0,Product Quality
"The product build quality is exceptional, very durable and stable. system setup",1,Product Quality
Terrible delivery times. Package arrived damaged and completely crushed. device app,0,Delivery
"The UI is extremely intuitive, responsive, and beautifully designed. device execution",1,User Experience
Utterly frustrating interface. It crashes constantly on launch. setup device,0,User Experience
Premium premium materials used. Truly worth every single penny spent. system execution,1,Product Quality
Customer support was useless and rude. Avoid this brand. execution device,0,Customer Service
"Flawless execution, arrived fast and works out of the box perfectly. device setup",1,Delivery
Cheap plastic build. Broke within two hours of normal operation. app device,0,Product Quality
"The product build quality is exceptional, very durable and stable. device system",1,Product Quality
Terrible delivery times. Package arrived damaged and completely crushed. execution app,0,Delivery
"The UI is extremely intuitive, responsive, and beautifully designed. system setup",1,User Experience
Utterly frustrating interface. It crashes constantly on launch. setup device,0,User Experience
Premium premium materials used. Truly worth every single penny spent. device setup,1,Product Quality
Customer support was useless and rude. Avoid this brand. device app,0,Customer Service
"Flawless execution, arrived fast and works out of the box perfectly. device execution",1,Delivery
Cheap plastic build. Broke within two hours of normal operation. device system,0,Product Quality
"The product build quality is exceptional, very durable and stable. app system",1,Product Quality
Terrible delivery times. Package arrived damaged and completely crushed. system execution,0,Delivery
"The UI is extremely intuitive, responsive, and beautifully designed. app app",1,User Experience
Utterly frustrating interface. It crashes constantly on launch. app app,0,User Experience
Premium premium materials used. Truly worth every single penny spent. app execution,1,Product Quality
Customer support was useless and rude. Avoid this brand. device system,0,Customer Service
"Flawless execution, arrived fast and works out of the box perfectly. app device",1,Delivery
Cheap plastic build. Broke within two hours of normal operation. device system,0,Product Quality
"The product build quality is exceptional, very durable and stable. execution setup",1,Product Quality
Terrible delivery times. Package arrived damaged and completely crushed. setup device,0,Delivery
"The UI is extremely intuitive, responsive, and beautifully designed. system setup",1,User Experience
Utterly frustrating interface. It crashes constantly on launch. device execution,0,User Experience
Premium premium materials used. Truly worth every single penny spent. setup device,1,Product Quality
Customer support was useless and rude. Avoid this brand. device app,0,Customer Service
"Flawless execution, arrived fast and works out of the box perfectly. execution app",1,Delivery
Cheap plastic build. Broke within two hours of normal operation. system app,0,Product Quality
"The product build quality is exceptional, very durable and stable. app setup",1,Product Quality
Terrible delivery times. Package arrived damaged and completely crushed. device execution,0,Delivery
"The UI is extremely intuitive, responsive, and beautifully designed. app execution",1,User Experience
Utterly frustrating interface. It crashes constantly on launch. app system,0,User Experience
Premium premium materials used. Truly worth every single penny spent. app setup,1,Product Quality
Customer support was useless and rude. Avoid this brand. device system,0,Customer Service
"Flawless execution, arrived fast and works out of the box perfectly. app execution",1,Delivery
Cheap plastic build. Broke within two hours of normal operation. system system,0,Product Quality
"The product build quality is exceptional, very durable and stable. app system",1,Product Quality
Terrible delivery times. Package arrived damaged and completely crushed. execution system,0,Delivery
"The UI is extremely intuitive, responsive, and beautifully designed. execution app",1,User Experience
Utterly frustrating interface. It crashes constantly on launch. device system,0,User Experience
Premium premium materials used. Truly worth every single penny spent. device execution,1,Product Quality
Customer support was useless and rude. Avoid this brand. system setup,0,Customer Service
"Flawless execution, arrived fast and works out of the box perfectly. device system",1,Delivery
Cheap plastic build. Broke within two hours of normal operation. device system,0,Product Quality
"The product build quality is exceptional, very durable and stable. app device",1,Product Quality
Terrible delivery times. Package arrived damaged and completely crushed. setup setup,0,Delivery
"The UI is extremely intuitive, responsive, and beautifully designed. execution system",1,User Experience
Utterly frustrating interface. It crashes constantly on launch. device execution,0,User Experience
Premium premium materials used. Truly worth every single penny spent. device system,1,Product Quality
Customer support was useless and rude. Avoid this brand. setup app,0,Customer Service
"Flawless execution, arrived fast and works out of the box perfectly. setup execution",1,Delivery
Cheap plastic build. Broke within two hours of normal operation. app execution,0,Product Quality
"The product build quality is exceptional, very durable and stable. system app",1,Product Quality
Terrible delivery times. Package arrived damaged and completely crushed. execution system,0,Delivery
"The UI is extremely intuitive, responsive, and beautifully designed. setup system",1,User Experience
Utterly frustrating interface. It crashes constantly on launch. device system,0,User Experience
Premium premium materials used. Truly worth every single penny spent. system device,1,Product Quality
Customer support was useless and rude. Avoid this brand. execution execution,0,Customer Service
"Flawless execution, arrived fast and works out of the box perfectly. system device",1,Delivery
Cheap plastic build. Broke within two hours of normal operation. device setup,0,Product Quality
"The product build quality is exceptional, very durable and stable. execution app",1,Product Quality
Terrible delivery times. Package arrived damaged and completely crushed. execution execution,0,Delivery
"The UI is extremely intuitive, responsive, and beautifully designed. setup app",1,User Experience
Utterly frustrating interface. It crashes constantly on launch. setup app,0,User Experience
Premium premium materials used. Truly worth every single penny spent. system app,1,Product Quality
Customer support was useless and rude. Avoid this brand. setup execution,0,Customer Service
"Flawless execution, arrived fast and works out of the box perfectly. app app",1,Delivery
Cheap plastic build. Broke within two hours of normal operation. device execution,0,Product Quality
"The product build quality is exceptional, very durable and stable. system setup",1,Product Quality
Terrible delivery times. Package arrived damaged and completely crushed. system execution,0,Delivery
"The UI is extremely intuitive, responsive, and beautifully designed. app app",1,User Experience
Utterly frustrating interface. It crashes constantly on launch. execution app,0,User Experience
Premium premium materials used. Truly worth every single penny spent. app app,1,Product Quality
Customer support was useless and rude. Avoid this brand. setup setup,0,Customer Service
"Flawless execution, arrived fast and works out of the box perfectly. device system",1,Delivery
Cheap plastic build. Broke within two hours of normal operation. execution execution,0,Product Quality
"The product build quality is exceptional, very durable and stable. execution device",1,Product Quality
Terrible delivery times. Package arrived damaged and completely crushed. setup device,0,Delivery
"The UI is extremely intuitive, responsive, and beautifully designed. execution system",1,User Experience
Utterly frustrating interface. It crashes constantly on launch. app setup,0,User Experience
Premium premium materials used. Truly worth every single penny spent. setup device,1,Product Quality
Customer support was useless and rude. Avoid this brand. setup execution,0,Customer Service
"Flawless execution, arrived fast and works out of the box perfectly. execution device",1,Delivery
Cheap plastic build. Broke within two hours of normal operation. execution system,0,Product Quality
"The product build quality is exceptional, very durable and stable. device system",1,Product Quality
Terrible delivery times. Package arrived damaged and completely crushed. app system,0,Delivery
"The UI is extremely intuitive, responsive, and beautifully designed. app app",1,User Experience
Utterly frustrating interface. It crashes constantly on launch. system device,0,User Experience
Premium premium materials used. Truly worth every single penny spent. execution execution,1,Product Quality
Customer support was useless and rude. Avoid this brand. app app,0,Customer Service
"Flawless execution, arrived fast and works out of the box perfectly. device setup",1,Delivery
Cheap plastic build. Broke within two hours of normal operation. system app,0,Product Quality
"The product build quality is exceptional, very durable and stable. execution device",1,Product Quality
Terrible delivery times. Package arrived damaged and completely crushed. system device,0,Delivery
"The UI is extremely intuitive, responsive, and beautifully designed. system system",1,User Experience
Utterly frustrating interface. It crashes constantly on launch. app device,0,User Experience
Premium premium materials used. Truly worth every single penny spent. device execution,1,Product Quality
Customer support was useless and rude. Avoid this brand. execution app,0,Customer Service
"Flawless execution, arrived fast and works out of the box perfectly. app setup",1,Delivery
Cheap plastic build. Broke within two hours of normal operation. execution system,0,Product Quality
"The product build quality is exceptional, very durable and stable. device app",1,Product Quality
Terrible delivery times. Package arrived damaged and completely crushed. device device,0,Delivery
"The UI is extremely intuitive, responsive, and beautifully designed. setup execution",1,User Experience
Utterly frustrating interface. It crashes constantly on launch. app device,0,User Experience
Premium premium materials used. Truly worth every single penny spent. app system,1,Product Quality
Customer support was useless and rude. Avoid this brand. setup system,0,Customer Service
"Flawless execution, arrived fast and works out of the box perfectly. app app",1,Delivery
Cheap plastic build. Broke within two hours of normal operation. execution device,0,Product Quality
"The product build quality is exceptional, very durable and stable. device system",1,Product Quality
Terrible delivery times. Package arrived damaged and completely crushed. setup device,0,Delivery
"The UI is extremely intuitive, responsive, and beautifully designed. execution system",1,User Experience
Utterly frustrating interface. It crashes constantly on launch. system execution,0,User Experience
Premium premium materials used. Truly worth every single penny spent. setup execution,1,Product Quality
Customer support was useless and rude. Avoid this brand. setup execution,0,Customer Service
"Flawless execution, arrived fast and works out of the box perfectly. execution app",1,Delivery
Cheap plastic build. Broke within two hours of normal operation. system execution,0,Product Quality
"The product build quality is exceptional, very durable and stable. execution device",1,Product Quality
Terrible delivery times. Package arrived damaged and completely crushed. system device,0,Delivery
"The UI is extremely intuitive, responsive, and beautifully designed. system device",1,User Experience
Utterly frustrating interface. It crashes constantly on launch. execution execution,0,User Experience
Premium premium materials used. Truly worth every single penny spent. app device,1,Product Quality
Customer support was useless and rude. Avoid this brand. setup app,0,Customer Service
"Flawless execution, arrived fast and works out of the box perfectly. device device",1,Delivery
Cheap plastic build. Broke within two hours of normal operation. app execution,0,Product Quality
"The product build quality is exceptional, very durable and stable. device execution",1,Product Quality
Terrible delivery times. Package arrived damaged and completely crushed. app execution,0,Delivery
"The UI is extremely intuitive, responsive, and beautifully designed. system setup",1,User Experience
Utterly frustrating interface. It crashes constantly on launch. device setup,0,User Experience
Premium premium materials used. Truly worth every single penny spent. execution device,1,Product Quality
Customer support was useless and rude. Avoid this brand. execution system,0,Customer Service
"Flawless execution, arrived fast and works out of the box perfectly. app device",1,Delivery
Cheap plastic build. Broke within two hours of normal operation. system system,0,Product Quality
"The product build quality is exceptional, very durable and stable. device execution",1,Product Quality
Terrible delivery times. Package arrived damaged and completely crushed. system setup,0,Delivery
"The UI is extremely intuitive, responsive, and beautifully designed. system execution",1,User Experience
Utterly frustrating interface. It crashes constantly on launch. execution setup,0,User Experience
Premium premium materials used. Truly worth every single penny spent. system execution,1,Product Quality
Customer support was useless and rude. Avoid this brand. device app,0,Customer Service
"Flawless execution, arrived fast and works out of the box perfectly. app app",1,Delivery
Cheap plastic build. Broke within two hours of normal operation. system setup,0,Product Quality
"The product build quality is exceptional, very durable and stable. execution device",1,Product Quality
Terrible delivery times. Package arrived damaged and completely crushed. device system,0,Delivery
"The UI is extremely intuitive, responsive, and beautifully designed. app system",1,User Experience
Utterly frustrating interface. It crashes constantly on launch. setup setup,0,User Experience
Premium premium materials used. Truly worth every single penny spent. execution execution,1,Product Quality
Customer support was useless and rude. Avoid this brand. setup setup,0,Customer Service
"Flawless execution, arrived fast and works out of the box perfectly. setup system",1,Delivery
Cheap plastic build. Broke within two hours of normal operation. setup device,0,Product Quality
"The product build quality is exceptional, very durable and stable. app setup",1,Product Quality
Terrible delivery times. Package arrived damaged and completely crushed. app system,0,Delivery
"The UI is extremely intuitive, responsive, and beautifully designed. app system",1,User Experience
Utterly frustrating interface. It crashes constantly on launch. device system,0,User Experience
Premium premium materials used. Truly worth every single penny spent. system execution,1,Product Quality
Customer support was useless and rude. Avoid this brand. setup setup,0,Customer Service
"Flawless execution, arrived fast and works out of the box perfectly. device device",1,Delivery
Cheap plastic build. Broke within two hours of normal operation. setup execution,0,Product Quality
"The product build quality is exceptional, very durable and stable. setup execution",1,Product Quality
Terrible delivery times. Package arrived damaged and completely crushed. device app,0,Delivery
"The UI is extremely intuitive, responsive, and beautifully designed. device device",1,User Experience
Utterly frustrating interface. It crashes constantly on launch. system system,0,User Experience
Premium premium materials used. Truly worth every single penny spent. system system,1,Product Quality
Customer support was useless and rude. Avoid this brand. execution setup,0,Customer Service
"Flawless execution, arrived fast and works out of the box perfectly. app device",1,Delivery
Cheap plastic build. Broke within two hours of normal operation. execution app,0,Product Quality
"The product build quality is exceptional, very durable and stable. execution execution",1,Product Quality
Terrible delivery times. Package arrived damaged and completely crushed. device setup,0,Delivery
"The UI is extremely intuitive, responsive, and beautifully designed. system setup",1,User Experience
Utterly frustrating interface. It crashes constantly on launch. device device,0,User Experience
Premium premium materials used. Truly worth every single penny spent. device app,1,Product Quality
Customer support was useless and rude. Avoid this brand. setup setup,0,Customer Service
"Flawless execution, arrived fast and works out of the box perfectly. execution execution",1,Delivery
Cheap plastic build. Broke within two hours of normal operation. execution device,0,Product Quality
"The product build quality is exceptional, very durable and stable. setup device",1,Product Quality
Terrible delivery times. Package arrived damaged and completely crushed. app execution,0,Delivery
"The UI is extremely intuitive, responsive, and beautifully designed. device device",1,User Experience
Utterly frustrating interface. It crashes constantly on launch. app system,0,User Experience
Premium premium materials used. Truly worth every single penny spent. setup system,1,Product Quality
Customer support was useless and rude. Avoid this brand. execution device,0,Customer Service
"Flawless execution, arrived fast and works out of the box perfectly. app app",1,Delivery
Cheap plastic build. Broke within two hours of normal operation. setup system,0,Product Quality
"The product build quality is exceptional, very durable and stable. setup device",1,Product Quality
Terrible delivery times. Package arrived damaged and completely crushed. setup app,0,Delivery
"The UI is extremely intuitive, responsive, and beautifully designed. app execution",1,User Experience
Utterly frustrating interface. It crashes constantly on launch. execution device,0,User Experience
Premium premium materials used. Truly worth every single penny spent. system setup,1,Product Quality
Customer support was useless and rude. Avoid this brand. device execution,0,Customer Service
"Flawless execution, arrived fast and works out of the box perfectly. setup execution",1,Delivery
Cheap plastic build. Broke within two hours of normal operation. setup system,0,Product Quality
"The product build quality is exceptional, very durable and stable. device setup",1,Product Quality
Terrible delivery times. Package arrived damaged and completely crushed. app app,0,Delivery
"The UI is extremely intuitive, responsive, and beautifully designed. setup setup",1,User Experience
Utterly frustrating interface. It crashes constantly on launch. setup app,0,User Experience
Premium premium materials used. Truly worth every single penny spent. app setup,1,Product Quality
Customer support was useless and rude. Avoid this brand. execution execution,0,Customer Service
"Flawless execution, arrived fast and works out of the box perfectly. system device",1,Delivery
Cheap plastic build. Broke within two hours of normal operation. execution app,0,Product Quality
"The product build quality is exceptional, very durable and stable. execution system",1,Product Quality
Terrible delivery times. Package arrived damaged and completely crushed. system device,0,Delivery
"The UI is extremely intuitive, responsive, and beautifully designed. execution app",1,User Experience
Utterly frustrating interface. It crashes constantly on launch. app setup,0,User Experience
Premium premium materials used. Truly worth every single penny spent. app device,1,Product Quality
Customer support was useless and rude. Avoid this brand. device app,0,Customer Service
"Flawless execution, arrived fast and works out of the box perfectly. app setup",1,Delivery
Cheap plastic build. Broke within two hours of normal operation. app setup,0,Product Quality
"The product build quality is exceptional, very durable and stable. setup app",1,Product Quality
Terrible delivery times. Package arrived damaged and completely crushed. system system,0,Delivery
"The UI is extremely intuitive, responsive, and beautifully designed. setup app",1,User Experience
Utterly frustrating interface. It crashes constantly on launch. system app,0,User Experience
Premium premium materials used. Truly worth every single penny spent. app app,1,Product Quality
Customer support was useless and rude. Avoid this brand. execution app,0,Customer Service
"Flawless execution, arrived fast and works out of the box perfectly. execution setup",1,Delivery
Cheap plastic build. Broke within two hours of normal operation. system system,0,Product Quality
"The product build quality is exceptional, very durable and stable. system system",1,Product Quality
Terrible delivery times. Package arrived damaged and completely crushed. system system,0,Delivery
"The UI is extremely intuitive, responsive, and beautifully designed. system setup",1,User Experience
Utterly frustrating interface. It crashes constantly on launch. app device,0,User Experience
Premium premium materials used. Truly worth every single penny spent. execution device,1,Product Quality
Customer support was useless and rude. Avoid this brand. device app,0,Customer Service
"Flawless execution, arrived fast and works out of the box perfectly. app app",1,Delivery
Cheap plastic build. Broke within two hours of normal operation. system setup,0,Product Quality
"The product build quality is exceptional, very durable and stable. system setup",1,Product Quality
Terrible delivery times. Package arrived damaged and completely crushed. setup device,0,Delivery
"The UI is extremely intuitive, responsive, and beautifully designed. device setup",1,User Experience
Utterly frustrating interface. It crashes constantly on launch. setup system,0,User Experience
Premium premium materials used. Truly worth every single penny spent. system device,1,Product Quality
Customer support was useless and rude. Avoid this brand. app setup,0,Customer Service
"Flawless execution, arrived fast and works out of the box perfectly. system device",1,Delivery
Cheap plastic build. Broke within two hours of normal operation. system setup,0,Product Quality
"The product build quality is exceptional, very durable and stable. setup execution",1,Product Quality
Terrible delivery times. Package arrived damaged and completely crushed. app execution,0,Delivery
"The UI is extremely intuitive, responsive, and beautifully designed. device system",1,User Experience
Utterly frustrating interface. It crashes constantly on launch. device setup,0,User Experience
Premium premium materials used. Truly worth every single penny spent. execution execution,1,Product Quality
Customer support was useless and rude. Avoid this brand. execution device,0,Customer Service
"Flawless execution, arrived fast and works out of the box perfectly. setup system",1,Delivery
Cheap plastic build. Broke within two hours of normal operation. system device,0,Product Quality
"The product build quality is exceptional, very durable and stable. execution app",1,Product Quality
Terrible delivery times. Package arrived damaged and completely crushed. device device,0,Delivery
"The UI is extremely intuitive, responsive, and beautifully designed. setup system",1,User Experience
Utterly frustrating interface. It crashes constantly on launch. device device,0,User Experience
Premium premium materials used. Truly worth every single penny spent. execution execution,1,Product Quality
Customer support was useless and rude. Avoid this brand. app setup,0,Customer Service
"Flawless execution, arrived fast and works out of the box perfectly. app execution",1,Delivery
Cheap plastic build. Broke within two hours of normal operation. system execution,0,Product Quality
"The product build quality is exceptional, very durable and stable. setup execution",1,Product Quality
Terrible delivery times. Package arrived damaged and completely crushed. setup setup,0,Delivery
"The UI is extremely intuitive, responsive, and beautifully designed. setup setup",1,User Experience
Utterly frustrating interface. It crashes constantly on launch. setup system,0,User Experience
Premium premium materials used. Truly worth every single penny spent. app device,1,Product Quality
Customer support was useless and rude. Avoid this brand. app setup,0,Customer Service
"Flawless execution, arrived fast and works out of the box perfectly. system execution",1,Delivery
Cheap plastic build. Broke within two hours of normal operation. system setup,0,Product Quality
"The product build quality is exceptional, very durable and stable. system system",1,Product Quality
Terrible delivery times. Package arrived damaged and completely crushed. setup system,0,Delivery
"The UI is extremely intuitive, responsive, and beautifully designed. device device",1,User Experience
Utterly frustrating interface. It crashes constantly on launch. system execution,0,User Experience
Premium premium materials used. Truly worth every single penny spent. setup device,1,Product Quality
Customer support was useless and rude. Avoid this brand. execution system,0,Customer Service
"Flawless execution, arrived fast and works out of the box perfectly. execution app",1,Delivery
Cheap plastic build. Broke within two hours of normal operation. device system,0,Product Quality
"The product build quality is exceptional, very durable and stable. setup system",1,Product Quality
Terrible delivery times. Package arrived damaged and completely crushed. setup system,0,Delivery
"The UI is extremely intuitive, responsive, and beautifully designed. execution execution",1,User Experience
Utterly frustrating interface. It crashes constantly on launch. execution app,0,User Experience
Premium premium materials used. Truly worth every single penny spent. setup execution,1,Product Quality
Customer support was useless and rude. Avoid this brand. app setup,0,Customer Service
"Flawless execution, arrived fast and works out of the box perfectly. system app",1,Delivery
Cheap plastic build. Broke within two hours of normal operation. device app,0,Product Quality
"The product build quality is exceptional, very durable and stable. app setup",1,Product Quality
Terrible delivery times. Package arrived damaged and completely crushed. system device,0,Delivery
"The UI is extremely intuitive, responsive, and beautifully designed. execution execution",1,User Experience
Utterly frustrating interface. It crashes constantly on launch. app setup,0,User Experience
Premium premium materials used. Truly worth every single penny spent. setup execution,1,Product Quality
Customer support was useless and rude. Avoid this brand. device system,0,Customer Service
"Flawless execution, arrived fast and works out of the box perfectly. device system",1,Delivery
Cheap plastic build. Broke within two hours of normal operation. execution system,0,Product Quality
"The product build quality is exceptional, very durable and stable. setup app",1,Product Quality
Terrible delivery times. Package arrived damaged and completely crushed. app execution,0,Delivery
"The UI is extremely intuitive, responsive, and beautifully designed. setup device",1,User Experience
Utterly frustrating interface. It crashes constantly on launch. setup app,0,User Experience
Premium premium materials used. Truly worth every single penny spent. app setup,1,Product Quality
Customer support was useless and rude. Avoid this brand. setup app,0,Customer Service
"Flawless execution, arrived fast and works out of the box perfectly. device execution",1,Delivery
Cheap plastic build. Broke within two hours of normal operation. execution setup,0,Product Quality
"The product build quality is exceptional, very durable and stable. execution app",1,Product Quality
Terrible delivery times. Package arrived damaged and completely crushed. app setup,0,Delivery
"The UI is extremely intuitive, responsive, and beautifully designed. setup setup",1,User Experience
Utterly frustrating interface. It crashes constantly on launch. device execution,0,User Experience
Premium premium materials used. Truly worth every single penny spent. setup system,1,Product Quality
Customer support was useless and rude. Avoid this brand. system app,0,Customer Service
"Flawless execution, arrived fast and works out of the box perfectly. execution setup",1,Delivery
Cheap plastic build. Broke within two hours of normal operation. system execution,0,Product Quality
"The product build quality is exceptional, very durable and stable. app device",1,Product Quality
Terrible delivery times. Package arrived damaged and completely crushed. execution execution,0,Delivery
"The UI is extremely intuitive, responsive, and beautifully designed. device execution",1,User Experience
Utterly frustrating interface. It crashes constantly on launch. app app,0,User Experience
Premium premium materials used. Truly worth every single penny spent. device setup,1,Product Quality
Customer support was useless and rude. Avoid this brand. system setup,0,Customer Service
"Flawless execution, arrived fast and works out of the box perfectly. execution system",1,Delivery
Cheap plastic build. Broke within two hours of normal operation. device device,0,Product Quality
"The product build quality is exceptional, very durable and stable. system app",1,Product Quality
Terrible delivery times. Package arrived damaged and completely crushed. system execution,0,Delivery
"The UI is extremely intuitive, responsive, and beautifully designed. app device",1,User Experience
Utterly frustrating interface. It crashes constantly on launch. system setup,0,User Experience
Premium premium materials used. Truly worth every single penny spent. setup execution,1,Product Quality
Customer support was useless and rude. Avoid this brand. setup system,0,Customer Service
"Flawless execution, arrived fast and works out of the box perfectly. system setup",1,Delivery
Cheap plastic build. Broke within two hours of normal operation. system execution,0,Product Quality
"The product build quality is exceptional, very durable and stable. app execution",1,Product Quality
Terrible delivery times. Package arrived damaged and completely crushed. execution system,0,Delivery
"The UI is extremely intuitive, responsive, and beautifully designed. app system",1,User Experience
Utterly frustrating interface. It crashes constantly on launch. device system,0,User Experience
Premium premium materials used. Truly worth every single penny spent. system system,1,Product Quality
Customer support was useless and rude. Avoid this brand. app system,0,Customer Service
"Flawless execution, arrived fast and works out of the box perfectly. app setup",1,Delivery
Cheap plastic build. Broke within two hours of normal operation. device app,0,Product Quality
"The product build quality is exceptional, very durable and stable. setup app",1,Product Quality
Terrible delivery times. Package arrived damaged and completely crushed. app device,0,Delivery
"The UI is extremely intuitive, responsive, and beautifully designed. execution execution",1,User Experience
Utterly frustrating interface. It crashes constantly on launch. app system,0,User Experience
Premium premium materials used. Truly worth every single penny spent. setup system,1,Product Quality
Customer support was useless and rude. Avoid this brand. system app,0,Customer Service
"Flawless execution, arrived fast and works out of the box perfectly. app app",1,Delivery
Cheap plastic build. Broke within two hours of normal operation. app execution,0,Product Quality
"The product build quality is exceptional, very durable and stable. app execution",1,Product Quality
Terrible delivery times. Package arrived damaged and completely crushed. execution app,0,Delivery
"The UI is extremely intuitive, responsive, and beautifully designed. device setup",1,User Experience
Utterly frustrating interface. It crashes constantly on launch. system execution,0,User Experience
Premium premium materials used. Truly worth every single penny spent. setup device,1,Product Quality
Customer support was useless and rude. Avoid this brand. system system,0,Customer Service
"Flawless execution, arrived fast and works out of the box perfectly. execution app",1,Delivery
Cheap plastic build. Broke within two hours of normal operation. device execution,0,Product Quality
"The product build quality is exceptional, very durable and stable. device app",1,Product Quality
Terrible delivery times. Package arrived damaged and completely crushed. app execution,0,Delivery
"The UI is extremely intuitive, responsive, and beautifully designed. app setup",1,User Experience
Utterly frustrating interface. It crashes constantly on launch. system execution,0,User Experience
Premium premium materials used. Truly worth every single penny spent. device setup,1,Product Quality
Customer support was useless and rude. Avoid this brand. execution app,0,Customer Service
"Flawless execution, arrived fast and works out of the box perfectly. app app",1,Delivery
Cheap plastic build. Broke within two hours of normal operation. app device,0,Product Quality
"The product build quality is exceptional, very durable and stable. setup system",1,Product Quality
Terrible delivery times. Package arrived damaged and completely crushed. device device,0,Delivery
"The UI is extremely intuitive, responsive, and beautifully designed. system system",1,User Experience
Utterly frustrating interface. It crashes constantly on launch. app device,0,User Experience
Premium premium materials used. Truly worth every single penny spent. execution system,1,Product Quality
Customer support was useless and rude. Avoid this brand. system setup,0,Customer Service
"Flawless execution, arrived fast and works out of the box perfectly. execution execution",1,Delivery
Cheap plastic build. Broke within two hours of normal operation. system app,0,Product Quality
"The product build quality is exceptional, very durable and stable. setup execution",1,Product Quality
Terrible delivery times. Package arrived damaged and completely crushed. system execution,0,Delivery
"The UI is extremely intuitive, responsive, and beautifully designed. setup setup",1,User Experience
Utterly frustrating interface. It crashes constantly on launch. device system,0,User Experience
Premium premium materials used. Truly worth every single penny spent. setup device,1,Product Quality
Customer support was useless and rude. Avoid this brand. device execution,0,Customer Service
"Flawless execution, arrived fast and works out of the box perfectly. execution device",1,Delivery
Cheap plastic build. Broke within two hours of normal operation. execution setup,0,Product Quality
"The product build quality is exceptional, very durable and stable. app setup",1,Product Quality
Terrible delivery times. Package arrived damaged and completely crushed. device device,0,Delivery
"The UI is extremely intuitive, responsive, and beautifully designed. setup execution",1,User Experience
Utterly frustrating interface. It crashes constantly on launch. execution device,0,User Experience
Premium premium materials used. Truly worth every single penny spent. system execution,1,Product Quality
Customer support was useless and rude. Avoid this brand. setup execution,0,Customer Service
"Flawless execution, arrived fast and works out of the box perfectly. setup device",1,Delivery
Cheap plastic build. Broke within two hours of normal operation. execution setup,0,Product Quality
"The product build quality is exceptional, very durable and stable. device system",1,Product Quality
Terrible delivery times. Package arrived damaged and completely crushed. setup system,0,Delivery
"The UI is extremely intuitive, responsive, and beautifully designed. system app",1,User Experience
Utterly frustrating interface. It crashes constantly on launch. execution setup,0,User Experience
Premium premium materials used. Truly worth every single penny spent. system app,1,Product Quality
Customer support was useless and rude. Avoid this brand. device setup,0,Customer Service
"Flawless execution, arrived fast and works out of the box perfectly. system execution",1,Delivery
Cheap plastic build. Broke within two hours of normal operation. app system,0,Product Quality
"The product build quality is exceptional, very durable and stable. execution system",1,Product Quality
Terrible delivery times. Package arrived damaged and completely crushed. setup setup,0,Delivery
"The UI is extremely intuitive, responsive, and beautifully designed. setup app",1,User Experience
Utterly frustrating interface. It crashes constantly on launch. setup execution,0,User Experience
Premium premium materials used. Truly worth every single penny spent. system device,1,Product Quality
Customer support was useless and rude. Avoid this brand. execution execution,0,Customer Service
"Flawless execution, arrived fast and works out of the box perfectly. setup app",1,Delivery
Cheap plastic build. Broke within two hours of normal operation. system app,0,Product Quality
"The product build quality is exceptional, very durable and stable. system system",1,Product Quality
Terrible delivery times. Package arrived damaged and completely crushed. app execution,0,Delivery
"The UI is extremely intuitive, responsive, and beautifully designed. system app",1,User Experience
Utterly frustrating interface. It crashes constantly on launch. system device,0,User Experience
Premium premium materials used. Truly worth every single penny spent. execution setup,1,Product Quality
Customer support was useless and rude. Avoid this brand. system device,0,Customer Service
"Flawless execution, arrived fast and works out of the box perfectly. setup setup",1,Delivery
Cheap plastic build. Broke within two hours of normal operation. system app,0,Product Quality
"The product build quality is exceptional, very durable and stable. system device",1,Product Quality
Terrible delivery times. Package arrived damaged and completely crushed. setup system,0,Delivery
"The UI is extremely intuitive, responsive, and beautifully designed. app system",1,User Experience
Utterly frustrating interface. It crashes constantly on launch. execution app,0,User Experience
Premium premium materials used. Truly worth every single penny spent. device setup,1,Product Quality
Customer support was useless and rude. Avoid this brand. system app,0,Customer Service
"Flawless execution, arrived fast and works out of the box perfectly. execution app",1,Delivery
Cheap plastic build. Broke within two hours of normal operation. execution device,0,Product Quality
"The product build quality is exceptional, very durable and stable. setup device",1,Product Quality
Terrible delivery times. Package arrived damaged and completely crushed. system app,0,Delivery
"The UI is extremely intuitive, responsive, and beautifully designed. execution execution",1,User Experience
Utterly frustrating interface. It crashes constantly on launch. app app,0,User Experience
Premium premium materials used. Truly worth every single penny spent. system device,1,Product Quality
Customer support was useless and rude. Avoid this brand. execution system,0,Customer Service
"Flawless execution, arrived fast and works out of the box perfectly. device system",1,Delivery
Cheap plastic build. Broke within two hours of normal operation. execution app,0,Product Quality
"The product build quality is exceptional, very durable and stable. app device",1,Product Quality
Terrible delivery times. Package arrived damaged and completely crushed. setup device,0,Delivery
"The UI is extremely intuitive, responsive, and beautifully designed. setup system",1,User Experience
Utterly frustrating interface. It crashes constantly on launch. system execution,0,User Experience
Premium premium materials used. Truly worth every single penny spent. setup execution,1,Product Quality
Customer support was useless and rude. Avoid this brand. app setup,0,Customer Service
"Flawless execution, arrived fast and works out of the box perfectly. device app",1,Delivery
Cheap plastic build. Broke within two hours of normal operation. app device,0,Product Quality
"The product build quality is exceptional, very durable and stable. app setup",1,Product Quality
Terrible delivery times. Package arrived damaged and completely crushed. execution app,0,Delivery
"The UI is extremely intuitive, responsive, and beautifully designed. setup system",1,User Experience
Utterly frustrating interface. It crashes constantly on launch. setup execution,0,User Experience
Premium premium materials used. Truly worth every single penny spent. setup device,1,Product Quality
Customer support was useless and rude. Avoid this brand. execution system,0,Customer Service
"Flawless execution, arrived fast and works out of the box perfectly. device setup",1,Delivery
Cheap plastic build. Broke within two hours of normal operation. execution system,0,Product Quality
"The product build quality is exceptional, very durable and stable. device system",1,Product Quality
Terrible delivery times. Package arrived damaged and completely crushed. setup system,0,Delivery
"The UI is extremely intuitive, responsive, and beautifully designed. app device",1,User Experience
Utterly frustrating interface. It crashes constantly on launch. system setup,0,User Experience
Premium premium materials used. Truly worth every single penny spent. setup system,1,Product Quality
Customer support was useless and rude. Avoid this brand. setup execution,0,Customer Service
"Flawless execution, arrived fast and works out of the box perfectly. execution execution",1,Delivery
Cheap plastic build. Broke within two hours of normal operation. app system,0,Product Quality
"The product build quality is exceptional, very durable and stable. app setup",1,Product Quality
Terrible delivery times. Package arrived damaged and completely crushed. app setup,0,Delivery
"The UI is extremely intuitive, responsive, and beautifully designed. setup device",1,User Experience
Utterly frustrating interface. It crashes constantly on launch. execution setup,0,User Experience
Premium premium materials used. Truly worth every single penny spent. device execution,1,Product Quality
Customer support was useless and rude. Avoid this brand. setup setup,0,Customer Service
"Flawless execution, arrived fast and works out of the box perfectly. app app",1,Delivery
Cheap plastic build. Broke within two hours of normal operation. execution setup,0,Product Quality
"The product build quality is exceptional, very durable and stable. system app",1,Product Quality
Terrible delivery times. Package arrived damaged and completely crushed. execution setup,0,Delivery
"The UI is extremely intuitive, responsive, and beautifully designed. setup system",1,User Experience
Utterly frustrating interface. It crashes constantly on launch. execution setup,0,User Experience
Premium premium materials used. Truly worth every single penny spent. app system,1,Product Quality
Customer support was useless and rude. Avoid this brand. execution system,0,Customer Service
"Flawless execution, arrived fast and works out of the box perfectly. app execution",1,Delivery
Cheap plastic build. Broke within two hours of normal operation. system device,0,Product Quality
"The product build quality is exceptional, very durable and stable. app app",1,Product Quality
Terrible delivery times. Package arrived damaged and completely crushed. app device,0,Delivery
"The UI is extremely intuitive, responsive, and beautifully designed. device setup",1,User Experience
Utterly frustrating interface. It crashes constantly on launch. system setup,0,User Experience
Premium premium materials used. Truly worth every single penny spent. system device,1,Product Quality
Customer support was useless and rude. Avoid this brand. device setup,0,Customer Service
"Flawless execution, arrived fast and works out of the box perfectly. execution setup",1,Delivery
Cheap plastic build. Broke within two hours of normal operation. system setup,0,Product Quality
"The product build quality is exceptional, very durable and stable. app system",1,Product Quality
Terrible delivery times. Package arrived damaged and completely crushed. system execution,0,Delivery
"The UI is extremely intuitive, responsive, and beautifully designed. device system",1,User Experience
Utterly frustrating interface. It crashes constantly on launch. device setup,0,User Experience
Premium premium materials used. Truly worth every single penny spent. app execution,1,Product Quality
Customer support was useless and rude. Avoid this brand. device system,0,Customer Service
"Flawless execution, arrived fast and works out of the box perfectly. device system",1,Delivery
Cheap plastic build. Broke within two hours of normal operation. device system,0,Product Quality
"The product build quality is exceptional, very durable and stable. setup system",1,Product Quality
Terrible delivery times. Package arrived damaged and completely crushed. system app,0,Delivery
"The UI is extremely intuitive, responsive, and beautifully designed. system app",1,User Experience
Utterly frustrating interface. It crashes constantly on launch. execution app,0,User Experience
Premium premium materials used. Truly worth every single penny spent. setup app,1,Product Quality
Customer support was useless and rude. Avoid this brand. execution setup,0,Customer Service
"Flawless execution, arrived fast and works out of the box perfectly. device device",1,Delivery
Cheap plastic build. Broke within two hours of normal operation. app app,0,Product Quality
"The product build quality is exceptional, very durable and stable. execution execution",1,Product Quality
Terrible delivery times. Package arrived damaged and completely crushed. system execution,0,Delivery
"The UI is extremely intuitive, responsive, and beautifully designed. system setup",1,User Experience
Utterly frustrating interface. It crashes constantly on launch. app setup,0,User Experience
Premium premium materials used. Truly worth every single penny spent. execution setup,1,Product Quality
Customer support was useless and rude. Avoid this brand. setup setup,0,Customer Service
"Flawless execution, arrived fast and works out of the box perfectly. execution setup",1,Delivery
Cheap plastic build. Broke within two hours of normal operation. system execution,0,Product Quality
"The product build quality is exceptional, very durable and stable. setup execution",1,Product Quality
Terrible delivery times. Package arrived damaged and completely crushed. device system,0,Delivery
"The UI is extremely intuitive, responsive, and beautifully designed. setup device",1,User Experience
Utterly frustrating interface. It crashes constantly on launch. device execution,0,User Experience
Premium premium materials used. Truly worth every single penny spent. device system,1,Product Quality
Customer support was useless and rude. Avoid this brand. system app,0,Customer Service
"Flawless execution, arrived fast and works out of the box perfectly. system device",1,Delivery
Cheap plastic build. Broke within two hours of normal operation. system execution,0,Product Quality
"The product build quality is exceptional, very durable and stable. app device",1,Product Quality
Terrible delivery times. Package arrived damaged and completely crushed. app device,0,Delivery
"The UI is extremely intuitive, responsive, and beautifully designed. execution app",1,User Experience
Utterly frustrating interface. It crashes constantly on launch. setup device,0,User Experience
Premium premium materials used. Truly worth every single penny spent. setup app,1,Product Quality
Customer support was useless and rude. Avoid this brand. setup setup,0,Customer Service
"Flawless execution, arrived fast and works out of the box perfectly. app execution",1,Delivery
Cheap plastic build. Broke within two hours of normal operation. setup setup,0,Product Quality
"The product build quality is exceptional, very durable and stable. execution setup",1,Product Quality
Terrible delivery times. Package arrived damaged and completely crushed. setup setup,0,Delivery
"The UI is extremely intuitive, responsive, and beautifully designed. system execution",1,User Experience
Utterly frustrating interface. It crashes constantly on launch. setup execution,0,User Experience
Premium premium materials used. Truly worth every single penny spent. device device,1,Product Quality
Customer support was useless and rude. Avoid this brand. setup execution,0,Customer Service
"Flawless execution, arrived fast and works out of the box perfectly. execution execution",1,Delivery
Cheap plastic build. Broke within two hours of normal operation. system device,0,Product Quality
"The product build quality is exceptional, very durable and stable. execution execution",1,Product Quality
Terrible delivery times. Package arrived damaged and completely crushed. system system,0,Delivery
"The UI is extremely intuitive, responsive, and beautifully designed. execution app",1,User Experience
Utterly frustrating interface. It crashes constantly on launch. execution execution,0,User Experience
Premium premium materials used. Truly worth every single penny spent. system system,1,Product Quality
Customer support was useless and rude. Avoid this brand. execution execution,0,Customer Service
"Flawless execution, arrived fast and works out of the box perfectly. execution system",1,Delivery
Cheap plastic build. Broke within two hours of normal operation. execution execution,0,Product Quality
"The product build quality is exceptional, very durable and stable. setup app",1,Product Quality
Terrible delivery times. Package arrived damaged and completely crushed. device app,0,Delivery
"The UI is extremely intuitive, responsive, and beautifully designed. setup device",1,User Experience
Utterly frustrating interface. It crashes constantly on launch. execution setup,0,User Experience
Premium premium materials used. Truly worth every single penny spent. execution system,1,Product Quality
Customer support was useless and rude. Avoid this brand. setup system,0,Customer Service
"Flawless execution, arrived fast and works out of the box perfectly. setup setup",1,Delivery
Cheap plastic build. Broke within two hours of normal operation. system device,0,Product Quality
"The product build quality is exceptional, very durable and stable. app execution",1,Product Quality
Terrible delivery times. Package arrived damaged and completely crushed. setup execution,0,Delivery
"The UI is extremely intuitive, responsive, and beautifully designed. system execution",1,User Experience
Utterly frustrating interface. It crashes constantly on launch. system execution,0,User Experience
Premium premium materials used. Truly worth every single penny spent. app app,1,Product Quality
Customer support was useless and rude. Avoid this brand. app app,0,Customer Service
"Flawless execution, arrived fast and works out of the box perfectly. app app",1,Delivery
Cheap plastic build. Broke within two hours of normal operation. system setup,0,Product Quality
"The product build quality is exceptional, very durable and stable. execution app",1,Product Quality
Terrible delivery times. Package arrived damaged and completely crushed. system system,0,Delivery
"The UI is extremely intuitive, responsive, and beautifully designed. system setup",1,User Experience
Utterly frustrating interface. It crashes constantly on launch. execution setup,0,User Experience
Premium premium materials used. Truly worth every single penny spent. device system,1,Product Quality
Customer support was useless and rude. Avoid this brand. device app,0,Customer Service
"Flawless execution, arrived fast and works out of the box perfectly. app setup",1,Delivery
Cheap plastic build. Broke within two hours of normal operation. execution device,0,Product Quality
"The product build quality is exceptional, very durable and stable. execution setup",1,Product Quality
Terrible delivery times. Package arrived damaged and completely crushed. app execution,0,Delivery
"The UI is extremely intuitive, responsive, and beautifully designed. execution app",1,User Experience
Utterly frustrating interface. It crashes constantly on launch. device app,0,User Experience
Premium premium materials used. Truly worth every single penny spent. execution device,1,Product Quality
Customer support was useless and rude. Avoid this brand. device app,0,Customer Service
"Flawless execution, arrived fast and works out of the box perfectly. execution setup",1,Delivery
Cheap plastic build. Broke within two hours of normal operation. execution system,0,Product Quality
"The product build quality is exceptional, very durable and stable. setup device",1,Product Quality
Terrible delivery times. Package arrived damaged and completely crushed. setup device,0,Delivery
"The UI is extremely intuitive, responsive, and beautifully designed. device setup",1,User Experience
Utterly frustrating interface. It crashes constantly on launch. device device,0,User Experience
Premium premium materials used. Truly worth every single penny spent. system execution,1,Product Quality
Customer support was useless and rude. Avoid this brand. execution system,0,Customer Service
"Flawless execution, arrived fast and works out of the box perfectly. setup app",1,Delivery
Cheap plastic build. Broke within two hours of normal operation. app app,0,Product Quality
"The product build quality is exceptional, very durable and stable. system system",1,Product Quality
Terrible delivery times. Package arrived damaged and completely crushed. device app,0,Delivery
"The UI is extremely intuitive, responsive, and beautifully designed. setup setup",1,User Experience
Utterly frustrating interface. It crashes constantly on launch. app app,0,User Experience
Premium premium materials used. Truly worth every single penny spent. app system,1,Product Quality
Customer support was useless and rude. Avoid this brand. system system,0,Customer Service
"Flawless execution, arrived fast and works out of the box perfectly. execution setup",1,Delivery
Cheap plastic build. Broke within two hours of normal operation. setup device,0,Product Quality
"The product build quality is exceptional, very durable and stable. system execution",1,Product Quality
Terrible delivery times. Package arrived damaged and completely crushed. execution setup,0,Delivery
"The UI is extremely intuitive, responsive, and beautifully designed. system device",1,User Experience
Utterly frustrating interface. It crashes constantly on launch. system app,0,User Experience
Premium premium materials used. Truly worth every single penny spent. system app,1,Product Quality
Customer support was useless and rude. Avoid this brand. app device,0,Customer Service
"Flawless execution, arrived fast and works out of the box perfectly. setup system",1,Delivery
Cheap plastic build. Broke within two hours of normal operation. app system,0,Product Quality
"The product build quality is exceptional, very durable and stable. setup setup",1,Product Quality
Terrible delivery times. Package arrived damaged and completely crushed. execution setup,0,Delivery
"The UI is extremely intuitive, responsive, and beautifully designed. device app",1,User Experience
Utterly frustrating interface. It crashes constantly on launch. execution device,0,User Experience
Premium premium materials used. Truly worth every single penny spent. system app,1,Product Quality
Customer support was useless and rude. Avoid this brand. setup app,0,Customer Service
"Flawless execution, arrived fast and works out of the box perfectly. system execution",1,Delivery
Cheap plastic build. Broke within two hours of normal operation. execution execution,0,Product Quality
"The product build quality is exceptional, very durable and stable. setup device",1,Product Quality
Terrible delivery times. Package arrived damaged and completely crushed. device app,0,Delivery
"The UI is extremely intuitive, responsive, and beautifully designed. setup execution",1,User Experience
Utterly frustrating interface. It crashes constantly on launch. execution system,0,User Experience
Premium premium materials used. Truly worth every single penny spent. system execution,1,Product Quality
Customer support was useless and rude. Avoid this brand. execution setup,0,Customer Service
"Flawless execution, arrived fast and works out of the box perfectly. device system",1,Delivery
Cheap plastic build. Broke within two hours of normal operation. device setup,0,Product Quality
"The product build quality is exceptional, very durable and stable. execution device",1,Product Quality
Terrible delivery times. Package arrived damaged and completely crushed. execution execution,0,Delivery
"The UI is extremely intuitive, responsive, and beautifully designed. app device",1,User Experience
Utterly frustrating interface. It crashes constantly on launch. device execution,0,User Experience
Premium premium materials used. Truly worth every single penny spent. setup app,1,Product Quality
Customer support was useless and rude. Avoid this brand. execution system,0,Customer Service
"Flawless execution, arrived fast and works out of the box perfectly. system app",1,Delivery
Cheap plastic build. Broke within two hours of normal operation. setup execution,0,Product Quality
"The product build quality is exceptional, very durable and stable. device app",1,Product Quality
Terrible delivery times. Package arrived damaged and completely crushed. setup device,0,Delivery
"The UI is extremely intuitive, responsive, and beautifully designed. system system",1,User Experience
Utterly frustrating interface. It crashes constantly on launch. device app,0,User Experience
Premium premium materials used. Truly worth every single penny spent. system execution,1,Product Quality
Customer support was useless and rude. Avoid this brand. device device,0,Customer Service
"Flawless execution, arrived fast and works out of the box perfectly. system app",1,Delivery
Cheap plastic build. Broke within two hours of normal operation. execution app,0,Product Quality
